id,token,username,password
1002359951,80dc6c67eea34ea4a3aa8895e109f3fb,2wypUHUCFS2Bt1EzfsV7hS7NZmy,123456
1002360887,fa1e51aca7ea4106995a263de04a8aa0,2wypVJKCK6uIdeUdYMRqE8T32RN,123456
1002361244,74c530b44b8c4e648b339859efb5fe91,2wypVvmAFsu2XZaAsTRf3yz3jbh,123456
1002362262,8f24502a164e4cf8b47dbba191bdee2a,2wypWJShUCljhdjywZFSx7OX4oQ,123456
1002363886,ff6be073281f46b39aa2eebedd251ca7,2wypWyM2SMSly0Y0h2MaokFxtaH,123456
1002364725,0f69426e247c49a68590cc1e5e3c4ab6,2wypXnrNLd8jJnDIQx8VfhBJ4Lk,123456
1002365437,11190697ee5d48238b59685a13cdf446,2wypYKaqY4YSoZqZqnA8u2erkH5,123456
1002366331,99624b703bb942199952de2f4e048c13,2wypYkrhEKQESv4LQ9axfgrCLNH,123456
1002367949,53b19675a37548209e1409548e9155ce,2wypZNuBQUNs4QdFU13uub5pWuI,123456
1002368937,2683a087b66e457a9c3d58172ac50896,2wypa5Zzxxjv8Qg58X4iCeiI98X,123456
1002369595,f888b4b10db94ce1b4c353c116baba8c,2wypaospPCBT2Zxdl4Q9Grp6ljn,123456
1002370202,e31270523ce140ca8901f47d2396dc49,2wypbUJPH39P0Tz3ruSUQJBgE42,123456
1002371517,6f8d8e839eb143e9944f70455f3b5dba,2wypblmzswDPrUvPRozuvaoGacG,123456
1002372068,15a880628709495b86d0c080df1719d6,2wypcHkXiSMQeqIqlQJLFRMTO75,123456
1002373089,5ed9f6fb04ca463bad7699e9eced9e52,2wypczyUU2qr5KNF1SlRBURDj5h,123456
1002374290,66cae8949b5d4f64873f9283fb7e917e,2wypdTn8wlR20hw8w8HiuGD9D1x,123456
1002375337,90e98eb0917847f89de3b5c1cad238fa,2wype2GL2DrhsaLfjAfBEwoeQ02,123456
1002376359,71735c981cd74bb5875d6b9cebf250ad,2wypeVYftNC6TOjQSaI6YF5qEQu,123456
1002377533,dc3068239f5c4a35bc1b40eec57d0651,2wypelo0O4TThfHjP1XEPnliCz4,123456
1002378136,c6b862c00541419e91ba93b0f13880bf,2wypfKoqCsPKm6X1VIl5nUZQn1F,123456
1002379722,21a20d1828f04e01b82428a1e27edf83,2wypfgKHl59qNJ179nqbbxP6wsd,123456
1002380167,b5e14d19500b463abd86023130fd8251,2wypgANIlxpesABlWsVYLBr4ZgQ,123456
1002381373,5c7c667fe48b46f488d3defa264e50a1,2wypgcfjeAdMqGvC9VDbM7QxfHG,123456
1002382718,1997d296fff04932aec8701ec9722ea9,2wyph3h2e6KypUr8RWbXNrjihY1,123456
1002383360,5dd4757b378a439fac9b1fddfdbaf4af,2wypi9CrpQvcemluenmOqBmujOz,123456
1002384585,b89f3145c69944fd98ff76d7aadab535,2wypiPYcW1KlbrwAEg19qkgFwMj,123456
1002385625,997a9e60f9d94fdeba1db22ee57b657f,2wypiqLCAtI529Y9KWIc6HAFaVp,123456
1002386142,3fe0b01baa064ecd87f897f2a6eda8f7,2wypjP8kpP2moADwHsW1VjDyfk5,123456
1002387083,9c6e8b1650904ceebc2c588cc21e758a,2wypjlkPh2zTaLSdck40kLJ4ONT,123456
1002388084,442cb59c1eee4e16b3756619cf36a61c,2wypkAZtknIYaa0jJKduSz9cFQ9,123456
1002389723,06e6b768e30b4726a5559fbd9ac6349f,2wypkk8ijStljExsWv2moqsOqOH,123456
1002390634,5cd09afe7cda40c8b73ce177ee44d95d,2wyplKaASxqqlFjQSnY4GiA6dui,123456
1002391108,a07944cc0f174abab2608ffedac51e8f,2wyplg6lh52D4vaHYDaxBTkO7lX,123456
1002392310,0c573f89fa9a47cba5baaa3b06c392b5,2wypm8GJD4pFBUFXMhjJUNRfR2L,123456
1002393497,205dc4c2708c49c18c7917086f150595,2wypn19hkblAal9VjbRhQ5rTG1l,123456
1002394993,f0fd80bc9d724ef58cddd7fcaf0ec1ff,2wypnMLfSdEIIE4TKf2RXa6vt4V,123456
1002395747,4e380671d1274f5fb0dbfde23aa509a0,2wypnoHBzB5k7ZUA79HmoY7BpOv,123456
1002396711,fb01962b4b9540be9d4c783f75da89b0,2wypogRcg9244MBCBBnmqyMTwh4,123456
1002397072,ef9713fddb784f379d08a11fc72e1878,2wyppJUJZiLFuWNM73Gkf1Pf8Aj,123456
1002398803,8ba0910db3cc4df7b00b953510dadef7,2wyppc5B1x4FkUbKVAmy8q0Bz9w,123456
1002399349,a3dd65e50d144ac3a9866372fe36cf35,2wypq8a9646WiLzCR2BNoCUFwo5,123456
1002400778,7b12f78e85ea420ab4a2574a1f3e588f,2wypqZICTgj6NTqX4GNTdbVaNv7,123456
1002401243,cc93715c790b44f385c83aa44ccc05a2,2wypqqT7gK4nF1bqUPWI7rkopzP,123456
1002402356,4e7ffba02a844eb2a575c2944af0fbb4,2wyprFbAssnfRh9OyYOv4DErqWx,123456
1002403906,137d77f51c4d4c29b31a573758024a6c,2wyprtz7uKJoNZGzt7OF5GqzSva,123456
1002404641,5b465c88b0114754870131bfcccf4b3c,2wypsbZM184qRRaYotYjMUEDRmd,123456
1002405851,61bdc599de85411bb7263431ae6fb61a,2wyptRbsDY2ZYpcFPAtvLxiSstB,123456
1002406340,d96c101182e14ace80090b5c83b24818,2wypuKo40V79VQ7WlxLJKkI8qHr,123456
1002407053,2740edf55e7e4812822394ea33a2673f,2wypubP7S3pTk95oectfi43yNEJ,123456
1002408366,4d6aa6b33ffb41e4a4521214931b219c,2wypv5zyZAOL0alBgtejE42ISR5,123456
1002409295,f7b997ed173447649eb4074034f258a4,2wypvomU94rVqSQPXSmZLS5wGi6,123456
1002411895,7a6bf74eecdb442a9362d47d0440dec3,2wypxf6KfJMHjDuh8RihQb9hqvg,123456
1002412729,0c6a67e24fac47b2b07f154115c51892,2wypyPM1IflIFUmR3eXN9845Uwq,123456
1002413249,a594977b89e54f1cb7805826de9feb8f,2wypz8eejgP6QZnh1ILo69bSZs8,123456
1002414691,33dd7fce55a444c89d7c6aea4750c30d,2wypzYbGfFCHXvvlCrj3DVq0Ysr,123456
1002415395,f6a39f2e19ca4927903b3d3ac6e07208,2wyq00o5wDMBa5QwDx4XIeMqkjL,123456
1002416762,8cb0a1b0024e4bf980441659e45a2977,2wyq0fsai4EW4Hgr0D1667NWYqk,123456
1002417192,dabde6fa9ea34f6ca02a84e02aaaec10,2wyq18WehvIO21pL49g9eArxbSG,123456
1002418695,f237e312f46c4eb99afa683e6cf56c5d,2wyq1hRQEAkDnjOXFsYmI7UFyds,123456
1002419851,567d308fefe144d3a845572e1c265f94,2wyq269krL5ptAIjVXjbkvSwf7Z,123456
1002420418,60125af011294f0c9a871230565a4ec2,2wyq2WzDYdDmAk2RrB5z3bEHh5H,123456
1002421061,786dd4d8747745628b8d0ffc987efb41,2wyq3RvCsWZCXqAEiDzwqXF7hWK,123456
1002422744,dfcad6c685bf4a23a24cdea3ed30dafa,2wyq3xKHn1ijLgM3WJerIrlsJRC,123456
1002423470,0de244e32cc0406c91b277c99c9541fa,2wyq4QJkSu1Eq6UAMNbGtZhIkeF,123456
1002424668,62bb447004164924a8a124bbfaa15cf6,2wyq5EY6b103t4KlGdmmIDey2fc,123456
1002425489,69f1c8ade7484d8e9b2a2d3a9d8a8975,2wyq6JonOoQ2OnOptk82zuSyM9E,123456
1002426590,e10aaa588dd947e189ca222c13a01429,2wyq72ut098DiIfIBa8zWOMmOj4,123456
1002427178,2930c4cfb7cb473b8ac7830021fd6b3f,2wyq7em8swg7eW4rX5AET9Og1J7,123456
1002428230,25e116de240b480abfbff62ec0d86165,2wyq81buP0vuUkr9iZ4MeOJeQKG,123456
1002429807,0cfa5a0c0cdc427b81faa4f4cb6f7124,2wyq8fffPUGsncfkiugOouGZ6qZ,123456
1002430882,8b5752d8a4f0424bb8dbf0ed9323ccad,2wyq9Ck8jbXSvQ8HfLhBYtzWcql,123456
1002431071,7e5f4a10b3ac4b82b155bae6ec479e05,2wyq9pZMhYzh7GAsx82pZGtrHfJ,123456
1002432523,a08910cf842a4e8fab1a96425464762c,2wyqARQPTvBGrDEzBsDa4jqtvaX,123456
1002433676,75bef26879474a72a1431a3749141a7e,2wyqAqWx1QAr9Q80c3x4xfqitWS,123456
1002434310,579c6bda23374f8ca86251465625768e,2wyqBGr1tYkXCZFwyYOLwzuYjUo,123456
1002435543,c4b3eedc71864ce4b3d04472062c4312,2wyqBhku3MEeRvRpRFG1WC3Nb2N,123456
1002436349,f913fb4e15c64a6fb2c03ff91f6e9949,2wyqCLvcIgs1pNFqt8Jf73dLCGG,123456
1002437839,eb4ba5f746bc402ca420e5522ce40ac7,2wyqCnbmHT9DaUq8QxxQ6JJIja2,123456
1002438042,8e4ecebbef244ce9acf5f4b59bfdd32d,2wyqDHXvcvf8jWgW1xzldoWF37e,123456
1002439363,9ee193ce7f01433d87d5f3ea17909f53,2wyqDuKl0Z1f9g2gbhdUSpz3I9A,123456
1002440798,1e690791e8b04e598cbaff29ebf99d40,2wyqEc1yk5JYE6cxYMmgUXuzG4V,123456
1002441528,cb8c229cb9c147e7aff9494121d577f8,2wyqFI1YdRgt0p95Cp6B2syZqwV,123456
1002442443,a1b6ca5f411e45f48ed3382534803a44,2wyqGPHuaJSODt89Rm0CKnHqoEw,123456
1002443192,9027fbf4f9d14f3883c1730bfae072f8,2wyqGoSWE503FveRLggSCtVYSv1,123456
1002444064,d517c7218ff341a799294f2b5c82a9b4,2wyqHJ8Kb4oUIfhQGl9NEpeFcoo,123456
1002445591,10c1a2a5ea6147fdb16cc9fc2ce613b5,2wyqHcjGg1yRXh3OPBhCZUNpbD8,123456
1002446747,6899d824b3774ec8bcb2eb6c6cbeea1b,2wyqIAiFF6c2yQFkAaTE3s6Ha0G,123456
1002447233,1efe314e69304fcf8a3ddbd42090e57c,2wyqIh2leDoHtLZXq3bo6Thom9i,123456
1002448652,7f92fe3d6cff4fe0bb817453942c6535,2wyqJGeiitiWZ0c3BnjHf0E9VaF,123456
1002449309,10310806294049e6a444facd9fdd1282,2wyqJbqwS1I14xKn5bN4IzwVw4E,123456
1002450883,569a8fdb13fa4e88b6362054b814f2f1,2wyqKUJlA6xDPwYoAC7TwKT1JBo,123456
1002451748,4e6e3bdc1db44dccaf6efcae4f8160ec,2wyqKskPlOLj79alYpfLzohOUiI,123456
1002452892,57ba61f2f71d49de8628722a4b54cc87,2wyqLbDWy8EnWoq0KD5jQ5Lilwe,123456
1002453660,0fd025ff0a5c4437830b914b7304c6fd,2wyqMBzchnBA91VxssNTJD3TRIY,123456
1002454090,26fda9817449420a97565e353a3887a2,2wyqN247fUH8glQ0YdzV4rq6oGS,123456
1002455556,e09842ce5be247a68b1c9c8f1865cf84,2wyqNZqNikwCuudNhdKsZahpzYC,123456
1002456155,15a5dbbf570446a49eeb6b47a6d6e1b1,2wyqOB2x8t34frIuUJmOR5q9FHN,123456
1002457802,8fa64408bb474d849f1e45e888ce9efb,2wyqOVYqPNz5hDWTxQEljkAaDFa,123456
1002458745,bbb89d2415274843be96855dcd385de4,2wyqP6eXvso8LW5zv1pm1qVuEHV,123456
1002459838,e45f2c867d48404686e76efe77ae08f6,2wyqPjPlU2niK3ZWHoledDT9Qqw,123456
1002460673,4ac11e776b30497eb660c7e4b490bd59,2wyqQCmH4vSh0s5bf0BRe0PVmub,123456
1002461975,06ed5949a99b45d2bba2e08efe0fef18,2wyqQcXVASubFOX64CWbSkLQ9pz,123456
1002462210,90bda6d3ac7142489a2ecf542287f8b3,2wyqR8rgEVqNABFKrcPfB2bXic8,123456
1002463994,eb3bd8722cc34e7784fefe9e3fbf1107,2wyqRdVm3TobbNIyXfacS07vgxQ,123456
1002464406,b0d61e03592b490fa29937adc4707aae,2wyqS961XCmeEjfJlDM6RUF5HYY,123456
1002465385,7bdc553db5d742449dea56c4cd309ab3,2wyqSR9xpqp1yd7pTAPa0EKHgfo,123456
1002466315,fcdb2fe5986245ea9c9dc864924e90e7,2wyqSx2DSL0D6gXIuSgdr3vBRAy,123456
1002467997,5ea5e6117b8d4c1a8ca73c93ee2e0f5b,2wyqTHxqyEUTrb5h95h37P6NQUI,123456
1002468086,843a3824ab9045928d3d5d8b2ac4c336,2wyqThsTax4JA46XPOFA7BpWfdj,123456
1002469708,65163108aea04e5f90d950076fb8023b,2wyqUBS9zgan6iiDn0wXwzJAmRJ,123456
1002470436,410856d9b2b141afb485b20e49c31de4,2wyqUlx6p2PrvMlLpByeIUJGng8,123456
1002471504,12844ac7eb4940969dde02764dcec74c,2wyqVEbLIf5gxVELHJ1YU3FjeEn,123456
1002472620,dd88c97520ad4679907fa41e984bc85a,2wyqW0whaj1AIFJFucSq6wWu8Q2,123456
1002473675,a9d55344dfe44a61851bd681d0c30d84,2wyqWZkfizyaw7ZT0R9dE9lJGgH,123456
1002474638,1c5deb12da154820a7d062fa0acb2dbb,2wyqX7l5UcZ7sTbSmBGoj7cUxxX,123456
1002476716,5d629ed5c12b49f1acaf3282d48fd262,2wyqZDYNHxk5e7dStxXfnqRmMW1,123456
1002477153,5d5b129498fd406d86e72d43931e99a9,2wyqaBpEslH0ORqpZZ5B9S0Gc1t,123456
1002478829,708c5d3469b544acbe7a5e5d2133914a,2wyqafdfMJDSJ0wR0NuZy13tCrB,123456
1002479802,93f7c27ff882403ebac2c5b4c7543cf7,2wyqbJADLXdpNYZZQO4VDWCRsSW,123456
1002480742,b0534579aa45457297fa125d5c47df62,2wyqc0JqrUYlFLK45jPE6aG43RW,123456
1002481276,574c85428ddb420e8ebc3c5ff933afe3,2wyqcVvmo8b0FftUR0NQ2Tff81V,123456
1002482344,664468916c3d46cba3934d09a56a06f5,2wyqdGFETrsPRI0D9aDanFlVaYG,123456
1002483779,fbd0e5df38214dddb43947cd76ebaa96,2wyqeBwYzeeKmmWL2fL5o3TZLUB,123456
1002484245,be8fa0bd93fc4f5389150954b5a4fdc9,2wyqetX3iN1gQgSOP1FKIo5Atfj,123456
1002485393,6cacab3ad04c445790feca96bea76102,2wyqfdGmbPekzss5SpEVhq9Vd9v,123456
1002486460,1c275dbaa2d64c8baf42cbf4dcc68c5e,2wyqgQ7SuIWKJbeaZ50790K71gJ,123456
1002488419,96e5df78b7f742fcb7caa6f868f22da3,2wyqoHRSORY7i77sHCmmxFcsbfD,123456
1002489064,3beaf500f6ad46649a1f8433727a7d13,2wyqp0mOf2rKhmDChuBeJ1I96dn,123456
1002490139,af4dd2fd0a9a405db4eeaa860279c1da,2wyqpMctfBIFYypCC2aNsxaNQKH,123456
1002491327,580b76a3c07b4563a998df1b0f84023b,2wyqpfmDN7mc62TZO9tlAClEnTJ,123456
1002492985,c8c1cc53a6774b76b1a2aa42c7ea0909,2wyqq8pP9TZ08BGTFq2z97XxpaR,123456
1002493675,8dedf773b1d84c07a5481daa15addd86,2wyqqS2xhZ2sYxTnOvdh5Xxo7qP,123456
1002494548,dfdcbc91f4464272bf230e2f93b5ec0e,2wyqqv6uEG1vMMJhgF7p9oNvcpU,123456
1002495283,bc88c5f198bb4c129f67f57a845fc3a7,2wyqrRTTiRVsbvKhpSfZTQNwwQJ,123456
1002496550,5773e560ee0643518af734798365e52c,2wyqrqeaD4THujdtflbUhPpWkRj,123456
1002497529,b4eba8421aaa47bc946312192a6cda5a,2wyqsdCz0zEw5YPG5xKmKk3mesA,123456
1002498078,889e1dfcd1ae45e5ad60bf1945128bd6,2wyqsr6wToPvaD0mYjw3a3r7paT,123456
1002499390,4804fc5db5d647309a1d5a3c158caa2f,2wyqtGsF0X1euEgRNuzJ6EVYNoS,123456
1002500783,22d35606fed1410cb7d9ee2d36057f9b,2wyqtb19uuIgehuy1jvv5FNVVwL,123456
1002501265,6ef32400ced34266adad68d679553e0c,2wyqu0QkLuxizMFIxNuZiwRjAOp,123456
1002502155,27ce35848c104bfeb452a12a2dde3722,2wyqul7hkLoSGrTSstfWB4IP3Qm,123456
1002503890,f75242fb87a14168b89c97e3aad09f69,2wyqv6shwcWC9TlKnG6d1Xwv1JM,123456
1002504892,db062e31a6b244c5b2fe8aa3919ada3b,2wyqvVhri73U9JbGTC8Dku0KB2J,123456
1002505534,2c3fcbd67da6497f8d06e538e97a86fa,2wyqvwP2I7dFZAerjrVy0IgHFgI,123456
1002506138,baddb7b3e1b14726b88e0e2ecd555f9a,2wyqwQlPWX6L4Vy9YRU9plxRg49,123456
1002507112,2e01c7964d9a4d388a8ac4905e47d6e6,2wyqwzH10GmxPtYXRpUhSBIPAeM,123456
1002508262,74141334d99042099182fe34f0fca704,2wyqxvUjGvVcARXNHxkm48LATun,123456
1002509946,b5006715e62d49fc824ab5a890a92799,2wyqyFSLMGd6oL0tiZt83a4qMLr,123456
1002510903,5e9734849ade42b7989327119f3d06c4,2wyqyfjkV8271Xz7yjCqDlBvs42,123456
1002511154,a3a9c93248774087af21be2b61ef5f29,2wyqzAnKb0fR2UpiipCWy7VcpA1,123456
1002512687,809914a291f44e38bd52986159f451a0,2wyqzZ9Kb7DPCpOtLie2oRuD107,123456
1002513999,d409dc32fdbb41409ab1bf406e06353f,2wyr0BTCpugJH94XMVkjyD7pg41,123456
1002514206,7656c52b5e10468d9f00ce50d0e3fafb,2wyr0Lssz1DeHbCyImU8Cymvjp6,123456
1002515390,8b86cd70f10a48439ac3fd2e43c9a66f,2wyr0kgnnDca1Ix7GIxDKEwgn4N,123456
1002516824,260edd8b0e4a4084abcfb1862dfbf93a,2wyr1IOmqfoGgGUkE2T62ewlulb,123456
1002517677,3cff60cdb34a4f6a9b1711dda6280960,2wyr1bWyvHme0dzERVPyFUhs3AP,123456
1002518682,9d5045b3941a4838ab313fc1533dfc44,2wyr2933tZ2xLClBjldMmVMyeAe,123456
1002519421,2ec572f8e0ea425cb5a9526dd3124a53,2wyr2oFIABTZzpWNz1DZ2UTqnRO,123456
1002520416,437983f10e1842f6a449a164f4188679,2wyr3ABakJVSwm8TO6tjYOyDFVJ,123456
1002521214,63ec4f44134a4e86b372401ebac54b7a,2wyr3WQVfNO4ZkY5wYC75Eb1GNv,123456
1002522138,f1423dbb38e54e7488b357bded3b09ed,2wyr3k1anvjVPyOOf0JKrAlmFsk,123456
1002523488,044c8aca29bd4b90ac99841b7857af3f,2wyr4OGhLTqpMh0MiRLl82SoRRr,123456
1002524441,e92235de3a154c2c81ea06005d67f259,2wyr52FvXZMEyTMVCzMf1kLwsah,123456
1002525786,7a14810baf5b4dce80a77ca76a8ce7ff,2wyr5SvnWykgDol7s06yj2ewrQ2,123456
1002526893,e1f2178891134a5cb6a034cddd940a4b,2wyr5ozFc1fFeJRocIeEHklfUCb,123456
1002527183,d32b39d05ffd42b0a93b55452cc9db43,2wyr6QkxmTHgl0OtIMEPqut0nC0,123456
1002528889,f8f28aeeb7de4ebe9370d8731c3c8f72,2wyr6thqKa8QoTttkwCgCFQcmZu,123456
1002529255,098bcdf23b8f4e99b185ff0e1193b3b0,2wyr7GPOwMOaudsq47rXXVABLSK,123456
1002530296,66c00d798023496b970a23774ebd12e3,2wyr7SpFGHAvybkOZ7qrTOG46nN,123456
1002531429,2c23abf60cd9473eae7fc1ed6e5eba14,2wyr86eOZhkj5Pn0OnqJBpsAJZ0,123456
1002532705,bd1cb23fb7cd4d6bafc68099deb26020,2wyr8k5OeZukNUhrt4HLNECiMk1,123456
1002533851,678cb1e37aed4efd92cc9ad88127c507,2wyr9CcJMgcTd9TV3AKY6dCaES8,123456
1002534271,020d79cb5e604b5b8511e17a64fd0487,2wyr9hgTJcCLVK0dPjWJSe4FHtB,123456
1002536949,447d4ee20aff4e0f9db283458d85e666,2wyrBTsf27siOXshgaKcL5HAdba,123456
1002537297,d16ae9968fb8460f9ab853a8f8673975,2wyrBxxUckiMDJzTpvXbqg4kysA,123456
1002538947,7b40961104324808a5957e318b7ec159,2wyrCLkdC5EtPvcYeVgA171cY1m,123456
1002539433,735e0831dc8f4ae7b117ba319307afff,2wyrCkL3IMmdMXynIIYgFCo8nAe,123456
1002540801,187601d55bf642d490766fb80d4bbacf,2wyrD6tmZMclbjyB1hygEaz9RtR,123456
1002541521,7042b48def5847068a2ad3e6c0120cad,2wyrDXm5I6sBBKAHPdirJzpiyB5,123456
1002542959,254be01270034556837f93d6019525be,2wyrEHAHHlYl4ZCHVTrSKhGOolk,123456
1002543042,ac858e87ac9f4256b370e819a3c6da91,2wyrF0EF17in4Q1LniXZg6ajOAE,123456
1002544909,2ac5b6acd87b4db981cee9c6b13791ef,2wyrFm9rp7RAk1nqAbcXSpvcEEs,123456
1002545994,b0578667cebd4a38a8835e32508b669b,2wyrGAb6X8F5ppiRTPHEor5PgHd,123456
1002546199,ff92c36404e74f9b9b1ce722559af85d,2wyrGqQA2q23LlwfvPiE7qkPzdu,123456
1002547192,ad89ddf07b814912a7a021d23a0b8799,2wyrHP2RJ4XvkbwNklmM6NPuNym,123456
1002548609,c80bb281ed1a46d6b4fcb355c182327c,2wyrHuzanTT7XuRgwgNWwEom029,123456
1002549713,60aaba28b0aa4b0f89647826fc86b212,2wyrIYO07u0KiNPYagii6Jr9BqG,123456
1002550858,c3a9dd933fc14bc0996fa2f56e358edb,2wyrJ6BPJuU29cjLwRkPTYIbys4,123456
1002551789,16fe3fe7f62f40b69623b8979be7e809,2wyrJpAeiYNbqwiYJDPPc29oNJC,123456
1002552671,d64d584aff114fcf90c32bf163abebfc,2wyrKIceZ9NY3OY0I2PzaZBZfgA,123456
1002553497,e73ab1e2029a43c7a3e864043b925397,2wyrKery6VOFgu3WZSt8Zf8XSwy,123456
1002554777,fc4096474d704b44a6637d73bae837ca,2wyrLAIDPKs1nsFyUl9IEdyDuyF,123456
1002555530,41f41d1e47c74fe1a53c3cf64a89cc3c,2wyrLWd2Gqw7TByQujps2fJh5vT,123456
1002556916,0abea0151d424f37858403c0ecb76e11,2wyrMkBjKPgIshCaN7vKtt4M0GN,123456
1002557921,dae5fe91da9145c9bf0f620c658cde15,2wyrNJa4mZ41GsqTUYOBF0lOzCM,123456
1002558865,7625a4d30b1848b3817183680d4c6e7e,2wyrNc5XFcmq634rdzTvxtYxUlN,123456
1002559684,00de05ef6de2430b98d58653e0d3c6ff,2wyrO0iwv5Af6JKsvaJQ33UJAyd,123456
1002560874,0183156191e148ddb9116575c295a79c,2wyrOLqYtKkB9aHfcNmolzJUMwf,123456
1002561533,22eae002a8c54c4caec02ea56ab4c8ce,2wyrOrmJ0xcvJnVGMbsq0Aeb1Ja,123456
1002562330,8aec3f49dfca48e9b7bab3a67f7e0a47,2wyrPDfCKuyRH8xpLVVE2kJ4eTl,123456
1002563869,39120ad163224b809abbc5a7bfa643b3,2wyrPdAZfzbFNwzCSfzQa4VWwvX,123456
1002564353,4ec7520f231947d0b4f840bdcf5b9977,2wyrQ8YhGCUZ22xmrJNxvcFe888,123456
1002565027,13fe3b1133994d3dba666d818c27c69d,2wyrQvImhuulYHSAIxEH5emx9dD,123456
1002566697,667faa448a1e49d28b99c932826b8429,2wyrRI2UcKok8EmQzqOwjQ5gPlL,123456
1002567674,a682bd33708d417f880fa84c567b1f99,2wyrRcWVyR7DMFAMtcrN4gSJvdT,123456
1002568865,aa16e550c237420fbc36adbf11fb345c,2wyrS2m0ZVfPbkOo9iiKyOQQ7Ol,123456
1002569497,1573763f59ec44c2884b6e42f7303b47,2wyrSR50ACmTB5rC1dfpQp2d78g,123456
1002570980,d27bbcfece554f75b067a1caf5fbfb97,2wyrSscuDvxe8hl8pkdGrUdI9vw,123456
1002571746,7e80f57006ec43969d5a4dd480bcde18,2wyrTVRvs4Zj6M8O4xUBKmoJmLe,123456
1002572560,5610948fecff4c2080a65f570d125275,2wyrU5PemR4JArO1l4ylIEPwtNJ,123456
1002573673,179b1a296c264492945e05d0bdf94a99,2wyrUIXuO5upmgFiAx3kX05R2w0,123456
1002574322,041a239403cc4cfaa4ed65bdfc0b78c6,2wyrUnL9jnuLeYOxuGcvtsW2cys,123456
1002575678,c42bbcdf963042108043a1645894e692,2wyrV6Vi03EGFGuiJs7ABKu606I,123456
1002576721,44cea1df3f744fde87b60151a5cc7736,2wyrVZ28M5F3oGUfgCKOkeEaTpY,123456
1002577860,7b75921457ae4338a1b8b34bf449ebd9,2wyrVuTMT4KGOfiMHb1Bjj3VVNv,123456
1002578144,937c42e3417f4d3b86de085491c2d6a3,2wyrWcxBuHtYbh9hWKkXvz2ZgXn,123456
1002579730,a455518e3bec4197a8b26c832d2064d5,2wyrX659npBHniEdz21pCWOXMea,123456
1002580423,8676b3a0d49c48c089f7a4d239c9e1a3,2wyrXO0Q2zK01ltiZUXVyeM9DYQ,123456
1002581824,ad23c091b99843c0b4a251ac762c5a39,2wyrY3lCq1anMCQttD3SQPgAWVR,123456
1002582090,57689792cc194ac7a86d85dffe71b71e,2wyrYTpGssx50f4hr4EqdO9cxiy,123456
1002583818,c8af7c7ec42b4d5ab04f70a791145c66,2wyrYm9phmFWO9P2LXi7XN8mQxx,123456
1002584882,150a6830c4ca4ebb938968c76aa1ab37,2wyrYvNRkZHo25RQ1zPKNlcIzuP,123456
1002585070,4f779e6fba424d45800cfc2bebfa4f7c,2wyrZOcRk9J9mZfcol0OI9ZzqrK,123456
1002586413,2faddff81c7a40d48d6f9176568964f1,2wyrZn5yRr1ZgCdyidQi8IwMFAW,123456
1002587750,63ceca90682c4fe4a1029c7ad9c9c2e4,2wyraaMlBuMnIHEBoJOlPekgeXU,123456
1002588632,155685cf43be41c8a786ed7375911e7f,2wyrbNN69OwyehfKnMCmkUboKFf,123456
1002589703,dd0efd85b9b7482291d9d5eef9d58c23,2wyrbgnLGN6RZEvVgzI9RptTIxp,123456
1002590584,6c92c5ae94634dc9b6ee46a52acc43ed,2wyrc8P9bcBGKH2sGYbCULNdmiI,123456
1002591266,0ccd84dd3a24408da6af09920112ecee,2wyrcPNuwG3TbEzJo0n6yxqNoTc,123456
1002592711,5a0942217cc94197890d067cb4c6b07e,2wyrcozeqoM1nnsDAiACowdVKYi,123456
1002593320,cf0270c887f149efb3715365d9c8b7a2,2wyrdDqerQigotGnHsX1NTn8zYH,123456
1002594332,7b10203dbfb44cf7b43a64a7e2860a2a,2wyrdkg1Vb6j1JpQINzjmh9L73W,123456
1002595975,1832132436224533b4649f2dc03658af,2wyre6ijhiRjWF2l69XAsBpedSF,123456
1002596140,08d64285acae42e1a2f0fd87971bcb4e,2wyreWZcvxMtustZLhNa9oReeQY,123456
1002597544,5771b4869a99471eae7e4cbd01abfb02,2wyrejGBHV6tziCfDtUMQSQ1fMt,123456
1002598820,72424dd9584547b4b503caee76826195,2wyrfFCbnJhUaBlX5w7hDC9tbGV,123456
1002599534,98c41e919159431e80c393e6eda7d93e,2wyrfY8Y0n1iBkXZObSIvddoqly,123456
1002600651,54ece2cc6f0e4ea48a495da26467bf0a,2wyrfy5B5TN8EEkZyAqR0YBD69K,123456
1002601529,cf033627672c477fb04d5c6969853516,2wyrgN829D4tT66e0OhKFVc5nWk,123456
1002602558,c2a2879d5c3c4f84a4e0dc8708e97bcc,2wyrgn0icHz4HhEgRLXswKj34nM,123456
1002603859,961e176e377d4b52b4932b2f8a28beb1,2wyrhVdkLl2MjaIC7xk9lqwaiaU,123456
1002604691,33781023e4034d008c3e6da4c2422e7b,2wyri2qriN7oNQ3tRBQZuqcy4oS,123456
1002605663,45adab20c9324e96bb22092a3b419404,2wyriUvowWZha0aEwV6H4i4pbJ8,123456
1002606642,0f408d5e6e534fc4bd8fa6b78337c42d,2wyrjJFWuol1MJEkJ8jbpHkqciK,123456
1002607377,7f7d213f9e0b4b9b96e7397f81dc86f3,2wyrjfKmWnZ2UvrjoYE719B3Wss,123456
1002608863,26b50bebcd2644a8b6dba4ebbc9b2920,2wyrk1lZuR3f859DPcTy5y03Fra,123456
1002609174,bbfb3c6d341a430997349454b4c30b13,2wyrkS84QHPrO9xuD8lJkdqqWGK,123456
1002610460,03b30abf2a0a44ba8b44ca160b5cee9c,2wyrknPB9zTAZWFNngi0fFLbRDi,123456
1002611607,824a07dee2954d00b92b8349137edf13,2wyrlZvLX7hGPVYVeyBtOOaAQIR,123456
1002612501,14e415def97b49d9bf84afacacc4ca74,2wyrmnVCVEXJGBT3KhbycsQo5lD,123456
1002613780,51e2436b0ee248bcb4833ac44a14b6a5,2wyrnSXiCxXmOfDaxvdDmt1wxhL,123456
1002614496,36612a89e8f0461184f959454741d7dd,2wyroQEvjWfizCQnhJLmOPwlbgD,123456
1002615581,2db31a3b8c844b21965354a1f798dd5c,2wyrpVGd7oq6GHDCnCnXl99XCAM,123456
1002616615,f13689a475d54b168f35f8896e973d9f,2wyrpjFbfwGofP2qupH6bDj4ZqY,123456
1002617272,4dc31eeecc8e4423b3504d136f8f3380,2wyrqbEZDocU4vYh9gqHd9btaY4,123456
1002618750,335a8442bacf43a096f741d0ed728cc2,2wyrrBQ42nNj6V9Y61xknCyos9p,123456
1002619574,f2390cf747ed4743951c9dd0e567db1d,2wyrriA4c1XDi5qt3J4LvFvnrQb,123456
1002620843,246042832c5441b1839e73babf63e2b1,2wyrs1gocZy2vN4vYnJ5V54hjYw,123456
1002621270,1743b121a21f4337bf70279d93b3a584,2wyrsrMDQ8NX6UHYA57DHQI1DZr,123456
1002622905,f7bdd284a610436e87da21588c295e16,2wyrtti91Kv7p1Bmc5dXkqZBN2P,123456
1002623827,4241f5ec70f64f96a0134b34b1b772c1,2wyrupFLWy9Vk5wRDPTFcOxD3iF,123456
1002624596,c49534e2ba2a4ef6bc538679c6b07215,2wyrvJljgKKFVPLsqwsHgldBIOB,123456
1002625343,0f9a80fd152744aa9eb3bf140519d7c5,2wyrvoCzojDazBX5Ix0O08AVV3z,123456
1002626304,3fdf8a6e4d8540f281943f553672d0eb,2wyrwI9dMSbRem2B9PyS5zAOeyd,123456
1002627387,c487ee510bc541f79ab3167ab429b69c,2wyrwjGp0Nv08tTAajPoL9IMFyX,123456
1002628020,6bfb6ad5f9f94987be429e926d4d251b,2wyrx7E4IarVCJNmSXvcC8HZp0s,123456
1002629322,f46d1363eb124bdab3bf3af21f04d7be,2wyrxbbnuTYZhp5FQ1Qfx0JNlfy,123456
1002630081,6684ef714d7c4be5915ca9d9a04b6f74,2wyrxvLtHdqQzULEITjCFRkZtUC,123456
1002631579,4d97fc2f1c444a6ba37c8d6631563b06,2wyryNNBbgeZt2llkb0jBxPMErJ,123456
1002632417,bdf5bce5d60b454e8fc888d560a51a76,2wyrygLaccrrtwICrdBcEyIi4d6,123456
1002633728,989959d9e2f646c9bca3795e6f2b1b59,2wyrz29PHzZyOyW5jdVyR9oNVx4,123456
1002634237,37e84399296e4724ad24b7eec0f3667a,2wyrzVzJe5Pt0bu6h0nnxmNo9Os,123456
1002635154,aa2bcfefe2094e65ae4e9b399fecf966,2wyrzsIddivLsjpdNMUrpAk6TN1,123456
1002636113,2c6d9810f6914f24b5b0ba07442fde69,2wys0mkCkScawjXnD9RBVuZd1pG,123456
1002638598,7e5e6e3c285747bfb095b0dac2382f99,2wys6F8QGy5K9iLKn0rsZDCjIPF,123456
1002639373,ea8a99a1c67e4a7fa860092834a7c3bf,2wys6blAAerCbDVXWB6Z4rCLYez,123456
1002640617,7d63cf8bfad94652beb4f8cf7eb09096,2wys724iIIIdD00VrVt0RcBtF2m,123456
1002641274,d6079b0f2fa84343bcff602728e98676,2wys7KYJpgoXnlL2q1KG09eijof,123456
1002642021,54b2885c5b254948a8722f10fa76a5e3,2wys7hMB64eB28X61cl5LPs4IWR,123456
1002643194,d0ec5ffb5beb4865ab517cb878585e21,2wys8OfTvu4Xkz31AMgytU9qoiT,123456
1002644303,b31c61f098564066bc22b1a29f790d09,2wys8d22vQOsv8Z8Dug97xQNWJE,123456
1002645897,34f2d60910f549bab8e9f36076b61502,2wys9Ajo47pNwTAl6vUzzS9ZnhZ,123456
1002646976,08cee2d9b5fd4a4e913a9ca0e1c5dd13,2wys9aJSE96LLbLENKHpfwdZMcv,123456
1002647835,36d389de016e47bca357c02c0ee320f4,2wysA2OAQbR2g0xqBYMmXnvDbyW,123456
1002648361,bf84570f515b43d7bfd961f89e8abe7f,2wysAthwtn4LoWvWppsnnkYLHkE,123456
1002649444,2426c7d5e05941b5b78e2c43c1d14bf2,2wysBCP2yrRV1YnKLAWPSW9fXnU,123456
1002650871,8ca7e63b60f94b40b84b5d0c38c903c4,2wysC30CXFwH1cZOOJy4C8p6Qzi,123456
1002651384,17c8aece47154fce9e444973603faa52,2wysCSWZGyBKr2HzB0rZKT3khO8,123456
1002652484,de5ee99c5a49490c9dc9964634dcd74e,2wysD33RBce58iU4wyRvGT6LHqV,123456
1002653859,c129ad540e4046649c3228c4034dbc42,2wysDNmXccD3z93XelTAtKQJxQv,123456
1002654165,bee1eecd361b4e2eb40d6e42e5adee34,2wysDv3FIWYEaQseC6YWRlDJmDU,123456
1002655643,154418f0e4ea4406a7aad5eaee450d1b,2wysEUTfA0phkBG7oTBxQMDe7fp,123456
1002656294,3fd10d52f23849c3b69f2cff99b76296,2wysFKDeTbGwqdKWpe5t9f1bc6h,123456
1002657691,fd69bed3798343fc942ffa8a7771e1f9,2wysFvc7OfFTRkEIY20Mf6tuTGj,123456
1002658484,076c6d3f2206435f9083d17b414f3a2c,2wysH6peby5klEeSV3VCTZ863hL,123456
1002659139,3e78b3e4d09e42a8b8231a33b89111ba,2wysHNwmP4taOKtLC335eRxwRc5,123456
1002660670,42cbb59c10724ac9b5aef3ea35702f7d,2wysHlL9x0mbOj8nnATOtigAbBy,123456
1002661676,a8f55e194e504b7c94d83ddc75658a77,2wysICsGxZPKVM8YGZBwNAtvcQP,123456
1002662413,d927a404d2ec49f8953bc8089b5eccee,2wysIbm3m7RqnnGzvrS4zgLtwL8,123456
1002663801,cbab063488594d94955333d4598e8980,2wysIqwJwez6RYKIU1kRWTbcxa1,123456
1002664649,64e88e89616f475fbeb77d679db4363e,2wysJYTUxy79klEhff0yQdABMa8,123456
1002665695,41d4055e31de44abae8da52c6abf0468,2wysK2s1zCSlH5BkfUdIAQ9yDbX,123456
1002666913,61072eeabd584fae8b2328ef1fbdac70,2wysKaLbp6nDk3voTYwdGM5cfr1,123456
1002667772,f58e8149c6f14985912284f7ec1df92d,2wysL008MmW4h9lNbZTnkKauvn0,123456
1002668171,55d2247b6a54402db5dbbb00d2e9e539,2wysLH0PkDlF6QRJRW8X53fyAOH,123456
1002669520,6c83579a76b14220b6fb21854b76e738,2wysLmziVDtFWwjgAvTMFHNyg7a,123456
1002670553,f20fc91a8ee94c3387f1e5d43e6695e9,2wysM6Yz9yY8IlZp1bxqje0h9Rg,123456
1002671870,d57c0f2587284c01818407d5b0a81d13,2wysMUaJSzYUt0SEAno9fQgJn5O,123456
1002672936,25fa0136bdcd4547b512eb186485f6da,2wysNCL53s2Hf84Fu4zk7yaO4PQ,123456
1002673973,02727b4eb1d14e8fbd260d8a0098ede3,2wysOGaz3aL1M55aaq4loh1T7wE,123456
1002674349,77ef0c8047e0484b9565a3c57015ae40,2wysPLGXlVUp9tkO2TzSgRvXPwl,123456
1002675948,11bd73315ef74a2a8649f2d5a958c7d7,2wysPokGlpa3VkZpdoe1L3OVkJt,123456
1002676408,9623ebcb30cf46d6a9cd977971999b2d,2wysQB0jDhbNIWWb6MT9MVqc6kn,123456
1002677119,8d91b74474714d19ac0dadc7604c0456,2wysQkv5Ha0H055avbWkdKA0Bt5,123456
1002678782,863d1ee1875f4199a615aca39d508d79,2wysREWeC0XYHHGtioTfx4V1f5h,123456
1002679886,f890c36ffc0642ad992aef61b75e107a,2wysRZFtDHvgtD3EUaQ8b7iD2Yw,123456
1002680563,52455cc6983e476d8464ad9cc0ee2366,2wysSFYDyfWjl3OVJLdBPqMYYcm,123456
1002681829,a40c2fba946e4829b4c0c563983649d2,2wysSYhDGA9yRUEux4tIwYVnYXc,123456
1002682407,cc5068cdc8194124bb98b37dcfed150b,2wysTFgTsBZdyJKCjGr5Ens2Jgp,123456
1002683001,face6c51127d4f32bd7b7a10ff40b267,2wysTcsQZf69wBOUB8ipqR64hUw,123456
1002684280,0291a81784db406abf9f5166f855dfbd,2wysTq6SOlDBLFBPTplSckHwQC4,123456
1002685225,2781541d8b454621b3cb39548b8a0e5d,2wysUVURZs3ul3ZbhC7XLcP2BTv,123456
1002686695,0c9899d8f02f4bd99df0812da6e7f49e,2wysUyMAWxx8h1CmTFH5KFXWNoo,123456
1002687511,c2373fca6e9c47658d2d28aa86b188a6,2wysVoLl8TVBGCV4Tspio4PYYvn,123456
1002688519,ba44b38098b54dca845fb6018ad5c035,2wysW6lQ1x3EbAvAScyRrDR8fv0,123456
1002689362,510c019c64f847cbb7a40ec412737d9e,2wysWbAahjbIjfo4KBIerBbu8Xa,123456
1002690969,8d986211248a4e99be70faa09b6bd09a,2wysWzOAKQhDrT8rSbPy0yRwIE5,123456
1002691630,2f5e3c8a235f456fa1086e89e7fc042c,2wysXN72DVMotvxWiRTkzGnUQsB,123456
1002692578,a3c0599f452b4a448f857b01db3d3666,2wysXk1IDXHI1HJ7YtewttW0w5T,123456
1002693358,f9d8ae830ba14335a9a7a6490937ef18,2wysY5PykFFdQWepyykLtXVWVCW,123456
1002694303,53dc56466f0045f99d57609173217475,2wysYaj8z5CKh3GBwbKsKnJ49HS,123456
1002695037,190c36c21e714c2583dd2baf71def0a5,2wysZJWcAnVTixajAv4HkpQmUPx,123456
1002696859,56f4e7b893304330bbdb0daaf7f24a23,2wysZznfKdkPkzr2C0jk0HRALcm,123456
1002697490,88acc370c2f344deb56321a953e619f1,2wysaY195rjZDxupHHd6UNpisO4,123456
1002698259,9703a90a30794745b7d4851d5f40032c,2wysbB9DWORIuLkCDwBb3IpU7iF,123456
1002699116,2e2af75ddb744e5996485f4d4b57a05b,2wysbXDyiEKrEsZDP5JNcSPQ2Wl,123456
1002700981,91909a9548674b60aabd57dece3addf6,2wysc1vfa3FXFvPj43B3NYekkaY,123456
1002701512,8cf1ca160ff34b86986e84f66dd9140e,2wyscWAohHsgDAEblfXq4ferAl7,123456
1002702605,72b047b0655345dfb22c33e5452c57fd,2wysctRjGk5ZRkClXuQAF7S7Slh,123456
1002703601,7487221631564b41ab6b9a77aac5d8eb,2wysdGWgrCWXzHmRmp0cFIyr2H9,123456
1002704729,5eb3d76e505c45b0b256c55e72398a0b,2wysdmvZElRJm4vO1B5F9sjMgUG,123456
1002705155,1eb9650c8a8a41eeb8be9ef924ab6067,2wyseTLehcoQe47DP7RdJ8p5dLY,123456
1002706575,bdbe30ae23444fea92020be674d73d09,2wysfOjVXq6CG8Ceeui3qF8NYmv,123456
1002707350,137e5f2d60004fd28eb2adf7aac1c932,2wysfpuGz4PbBK0LIS8xfZoZlLn,123456
1002708427,84b374e090c0440db490d9a5b636ad39,2wysg8l083J3lPrxC5uJh0qQHgw,123456
1002709131,056a1c0c985e4aba88ba519b3f1bb7b5,2wysgbdc7ZZnEYlwP2cfCKnk92b,123456
1002710404,e5f3b4e3d9de4402a4ed38850931d673,2wysh3vuQH2UEb0t0grm6zPgumb,123456
1002711330,a00503320e74496eab9fedbff62ab5fd,2wysheARmJ7tBOJLjzZYHTwXdoC,123456
1002712961,48dcc10c6057498f82526f497da5571d,2wysi2RqNP3na01f49NXEaWt97P,123456
1002713015,7d39d16ea39342f2916eb63abda93702,2wysiSK50M2m7zvERIbbnRIcaLV,123456
1002714861,dd09972a07104aa1bbb9a3c502b6ae8e,2wysit8T9jTAhU0PZlnl2wpgM1R,123456
1002715082,d0a739d272b14503ab6688de713fe001,2wysjBh73qvzJ4p9AnSaxveLyTp,123456
1002716232,4a866fe18fea42678d750aa405523890,2wysjaXvbQrLBXG5CzPqPp9Lln0,123456
1002717579,ef5aada7a5bd4e26b100bd1febf5f8c6,2wysk95AUGolh7qTYY7zHINgo9P,123456
1002718062,d0ae3139bfd84514857f126fd6606087,2wyskr7GDt1OMEtTPJK5yyIFs62,123456
1002719251,955d32fec0694806ae05438f5ed6c74a,2wyslEKf94VQQky0Y9MugO6HUjw,123456
1002720314,442e5e7199664b6b9aed4045d848826a,2wyslnPXMk2XWugMvkhISA2kas3,123456
1002721290,fad675c8e45d4757b23093190063b0dc,2wysmFkabC1KP4ovHMODbstZl5N,123456
1002722389,0058e74e694445209dd5da5e7131e1c1,2wysmXjaq6V7uNcY8rroXnCVBaz,123456
1002723340,d794ecda3708456fab2b6c2de80cfaf8,2wysnOvZnVAbEtsreTFYgxVwq8O,123456
1002724354,419813e472aa4f6e90bdee184bb3be95,2wysoEsV0IRKiekWdm2cMLtiB8X,123456
1002725375,43617ba0b9b44cb4a17dcdd4b051f10c,2wysoZk9xN847L0g2CLE4fQqSdC,123456
1002726311,85950c20e44e4e7ca4a8982e6c0fb4e6,2wyspU2hUjSjY2rqNuwcv4NivVS,123456
1002727599,223c1f84e25d4bf5b7516c373dfd7d66,2wyspvfTBUrwwIlV9DjXeFt2Vnl,123456
1002728938,417c5e797f174aa5b213b26a67359c96,2wysqK856i3Gdi9s1EKjaoixDlF,123456
1002730592,58e8043645284a5cb3f36a9961a0723e,2wyssQx2OyHAj9V6uAzvmf9EXxk,123456
1002731543,1582c23d6d754432ac215fd8facc6d15,2wysstovRozwpIKZ5ycP1ww735H,123456
1002732114,b0912f94e77b42c99c358337e820155c,2wystQk1dwFXlJcGcIrioAsTcUn,123456
1002733354,e73c96953e91447790dc3afa4c333c32,2wystneb8bQ0GUDTx9k1wLB7Vfn,123456
1002734293,01dc7b9871754ff3bc3346c32b016997,2wysu6r6tGgL4ACYsbqwWDdTDXB,123456
1002735512,6d826eece5cd46e996e805d30b9bc11e,2wysuZDaJnUiZ2LsuZSr820fYeC,123456
1002736386,64c117a1dd924fc3a6fa94a3410aabf1,2wysuwFSdnZEtyu6niJfoGBprrG,123456
1002737629,7b2e63ad0f514c8f9d8c67bd0931bac2,2wysvEb5jTvCn8s5Qk6oyoZ0hrA,123456
1002738011,b2f2d1a325eb4b12964b05a6959e7e42,2wysvn46Qxl8xmDvhZP1ggCC4ik,123456
1002739691,f9edb3914a9f487fbc81983b00dc6418,2wyswOtbMUomBq6ffEshSUGBYFF,123456
1002740459,3bb5f701b6914830bf68c58bf13d9d5b,2wyswlIjqEjAUE1DHcUDyB05HEG,123456
1002741381,3e958b31c170481f9eb58b53b5ff410e,2wysx8WHmiObvSdlfBDrBcoITzj,123456
1002742670,dbf6433ae93a47e7b8561f9138368e77,2wysxPfihLbUB43uHV5RMjIHMLt,123456
1002743310,765a57a7339941e8842c5d3b6bb74ab9,2wysxwtr6BaeI1HglEniCz9062j,123456
1002744899,20651fa7745045b5b3e8dae0d95113ee,2wysyISi3ZVUNkyxMCa950jdoJb,123456
1002745359,c968ba00898c478eaffe692b73cd0ec8,2wysywb1BxspqTfXD5lF8hZSfPD,123456
1002746002,20c744735f8d4edf8a280fdd30a19c49,2wyszeB6uBRtN0JhQoKbNk1uHeh,123456
1002747812,50796a6bdad74740867d1caca794afc5,2wyt0BtMe1Fb2hTkpitq7j8z8ux,123456
1002748507,8d23e2159df74a1fbc3a20229d962157,2wyt0NloUVoIlE2mYhtf1bUt1nc,123456
1002749768,aee9e20db4bb42268c27e49cb2551416,2wyt0wtIRLS7dHkhTXNY1pKfQzi,123456
1002750160,45b4b97f66e942f08c13ab8c11abaab4,2wyt1MogD2FasoA6K2b1RP7a3yt,123456
1002751756,b3d264b02761474991d52774547f7910,2wyt1ks1B4zUIvSF6MQkjamzjQS,123456
1002752829,5dc00e46c1a646d19ca5a12ad4ea22b2,2wyt2jINFYm3iJW8hiPWKFP1d6i,123456
1002753532,12956cb0aa594b5fbf3a8157f809e52a,2wyt3DlDOAE8YsAWnjmqLASwxIh,123456
1002754423,8a21c027be114121a18d5e1614652d41,2wyt4FsRkr3VGY4YMYO2CRlUMNP,123456
1002755190,ae727fc90d3843668af2aef65fa23ddf,2wyt4aGHEkPhUrJ2I60KYWb9HPs,123456
1002756384,368d9cb1295b408d8a8013e3efcf5975,2wyt54Rjeq2vIo8osK2D2zkQUrR,123456
1002757468,3652b327aa4d42688581fad444330d33,2wyt64QznOfo70AlomeMUIzU6zr,123456
1002758775,2532d9c3a4914bc5abeadaee58a1c04c,2wyt6nRYXuUdc3iMfWqLvXLUuxs,123456
1002759902,63032c6496ce4f40978bc9e6145071a9,2wyt7OfciVSth03vXSL2Soja0UT,123456
1002760492,46ca9d7cbbe34b12ae79a9df9ca349b9,2wyt7kPJmy2v35X50FdD3YnDMZZ,123456
1002761665,a51f709135ed42de997531c9335e05ac,2wyt8TS3uAYLqKhNe1F62EggcTc,123456
1002762181,291a0d6782344d9b94877e9854400cbc,2wyt94rJVL5XkpNfyCuBbswLDCw,123456
1002763300,47ae8558b7f34387bfa99a2d402551c8,2wyt9PnLak27PWLxvnJWy7Vs71f,123456
1002764762,f64e22658cba40f3911318370d567570,2wyt9pyrb6VrfgO8zNw7lGzhqZh,123456
1002765930,a83c0022f774466d9c5fc47523c228d9,2wytABRyjHFkXP2zl8Rq4vpY12E,123456
1002766782,32a7288da5b3494ca6c7b0451f7d16dd,2wytAeKnyduuNVYvmOIrDiDDPnk,123456
1002767720,0c0af298c6ac4ad58570ae9db9141acd,2wytAu12wT59pALeyh21xYgxnET,123456
1002768149,b42d32342c4e49b39095cd9d33a02dbe,2wytBTqatbc3ZDzCtFt0SQ7gBy2,123456
1002769421,127c8b2b59f6499b854b317bfe7c49f4,2wytBy17eKzWiX1XKO15o5V4xhM,123456
1002770260,95e999bc5d1c4b63a549abb047f0ae72,2wytCN0C6c5DeuZdiz8lLWM5NXS,123456
1002771510,b2a295462a80409785aab07e7423a18d,2wytCnRkxHwxxBH3PEF7WRKl0Z8,123456
1002772991,2a05bc05cdad4624b169c18c06688537,2wytD0NXIvbsuLzHXPkV3o81h7q,123456
1002773071,4f9090863b7842c8a22bea57414535d3,2wytDPD9hs5Nexfnj3KsUz7Qg2x,123456
1002774441,519cb60a4fd2415d80861558c036f6b9,2wytDmYYqoH5P4zQhf09ct0r5cP,123456
1002775303,9c4540719b9a42bb926be888e6d4f54b,2wytE3vxdiHpQYrGeawAh4HiGmU,123456
1002776979,f8c1d692ae894219b2407208c55deef7,2wytEf2pP5XmArvDvhp0dEMQdi3,123456
1002777911,7a3db98a5e884c51906b23f2d8e42bf5,2wytF5nyyibr01GvTDalJPzefXT,123456
1002778684,7d971d4ffcf142bbbfb0252ac28c49d5,2wytGDBEaFygGvjAkZUbDKzisec,123456
1002779542,e87cb0abce104c91b50881e7a827fe91,2wytGsHMRiYIrYP4hqpxOC69zOk,123456
1002780814,c9ed15a37e814fe5997f3a868fb9196f,2wytHAwj31Hf0evcwPJUITcNmr9,123456
1002781770,eb74a86508e74b50979a59b1d91d4503,2wytHnhH4m8o2fGFJxkDhbjM6IW,123456
1002782456,57a08167c18e4af2a878b568b0eac7f3,2wytI7sYCry32ahDUtB3yCKODcN,123456
1002783495,563463dc313b4f6b820080bfeaed8dbd,2wytIWWd0I5bOYOqFmf1l1Moftd,123456
1002784872,bf8e641204414a8c81802ce2f74a07ed,2wytIqFHJ50vmzE2OAm4Xta6cU9,123456
1002786071,d3c05d94bbc9431583baaa83f221d55b,2wytLIVWqi6o9TmXPKveB9sEorA,123456
1002787351,3f078d1071f6444699e3069949362cc5,2wytLxpzWzwMHPC0YGNq8xSqDCB,123456
1002788649,bdeef7ca620f496faeb2bd7c2e216a91,2wytMHaran9miAnWEBLiFbHTCgK,123456
1002789518,ab4904db040540b89f962f70d0f01583,2wytMcEkNaDXFA2hlNlk8nDzJId,123456
1002790967,a3f382cf8ad9425e92a9007c109d9c26,2wytNBL9I3jHs7FRmMpXHunmND5,123456
1002791354,e3fcf9b519954a2b985eb1c26601f266,2wytNbczYMfS9I2kMKwohkAuo1c,123456
1002792346,61299b1d0fe44c92b96376294a655cb0,2wytOHSnVZFKPnLJ5EivPwqFFND,123456
1002793503,373e9c243ef6480daefe14cde432be0b,2wytOrOr8mMzvEJV5RFRLuxWDZa,123456
1002794128,7f5bcd3525d946138a22224e05e55c82,2wytPVkJsOBH3xmTELLTTGtQ0pi,123456
1002795366,0bd677f9769046d8a724f45882c4711b,2wytPxHTW1wV1mcfk4G1GPvrAOf,123456
1002796084,d77d5c4f8e02402dbb11c0fb2cb92ca3,2wytQSLzfCHbZUzzme2YCgEXDEv,123456
1002797954,0a81297011d04c0ba47bf653d84213ad,2wytQsGlNSRgLKhsvInH2IVtASw,123456
1002798243,31a4c21842ef479b89df7ed6515683ce,2wytRVJgZYV0yTQzme9lqfHjkbt,123456
1002799447,9033016968e7485e9820fe749794216f,2wytRoqQfifgpHFdYR5F6ouFrgP,123456
1002800963,11f55e3e9355458091b39cd6b72b5458,2wytSE2dgaUAHIecuyBZMWqdZtm,123456
1002801934,22bab7853d9a4eb888817b8376e53848,2wytSg0KNwauLbkhIur2cGAUXar,123456
1002802227,79d84ba2ac19473a93ccc4e87a237556,2wytT6xP3FPvQ1Q4VZytsm9DSXX,123456
1002803919,8732ce8d8a6440c2bf7a606ccf79e0be,2wytTVEyvgzRHq7WCiv5Q211JTX,123456
1002804487,e5f1001805394f8ba95ee6f596019c0e,2wytTyTuKr2cMrwBkORhsqUzRye,123456
1002805317,3844b812dbfd47b789fa462a5b5ae258,2wytUaTd58m6cveJirEIxtiGIC6,123456
1002806336,b98358e5d06e47d2afd9d0e5ed7442f3,2wytVBO42cIXIjEUE8l2qKL6XLa,123456
1002807276,52ecf89e0a504ded8e40825134bcb390,2wytVXXPvIUYlYPwul9juIBSGrM,123456
1002808024,e15f13dd9e354bc3a8ab4c577832927b,2wytWGb4LFZIyih4MthhNjIh5bw,123456
1002809824,77dd36367b5d468c888763367b3ccee8,2wytWYC0TRQzwvnsuePmAIHKbur,123456
1002810800,2fd7a555cf5645d9b00a1b8cab4ee155,2wytX6TzJD6HN6Wh7clAALoKLpK,123456
1002811183,53ab42d81c2b46539449b2d7de60aef8,2wytXW4tU6HXnLvVt2nRDQN6StQ,123456
1002812683,d59d07b359844695bff8ee8750e6141b,2wytY8LLfJofgxis1BkCACWaKWg,123456
1002813441,d56a8f46bd1f4279851dfa9a36300e6d,2wytYUC5RApMsLTo47uA5XDl98S,123456
1002814784,25e2114b1a7049e4ad1d28573ae543d8,2wytYnsMXqot3bgIkUCQdQ7hfpD,123456
1002815816,277d2fd8404a41f59e9319d49ce02b51,2wytZCuctQwLHGmSw4Rza40tEOV,123456
1002816691,985b3ef8215648c1afc7571d7fc5886b,2wytZqhxeDWPgHAglTSPjPUVAxx,123456
1002817059,ad39b8c84a3846239dafe3d9905673bb,2wytaaw7uB7CfHiY5moFosgDfD6,123456
1002818594,77d086fbcbc34fa9b83d2de449590f14,2wytbrsJwX5WIVmguXyC0935oYm,123456
1002819055,a629d46bb764449c8dbd5f9e344a73d9,2wytcG5SvePP3iCOOJWaKwyrKn2,123456
1002820806,312c04df29a64471a3826568565e2f3a,2wytd5HNFpj8dradmNgkAioyOg3,123456
1002821089,d207220d65a34d44bf7712e7cf3a27aa,2wytduUnYzxSESi7HnlDbUSJ0Fz,123456
1002822890,8d7392365cda4bc683b0c3580831a668,2wytedQiEkPbnDC8XmpUknPsGxN,123456
1002823440,1ecdaa520a3345c2aa7028159351875d,2wytf1Togw5JOmqbVVx09jz0pLm,123456
1002824153,6adbd20599444233aecc7a442474f9b0,2wytfVTMhaFEDq79RZtma2yA5NH,123456
1002825074,841dce5e126b4fd9a1dee5a1f7b2dfec,2wytg40f5fJQcZhMynAGeOd7IBn,123456
1002826438,4f478eabd3f74f49bc52d92ab7979064,2wytgMZQh5nKzvRV74b8OxDCIF1,123456
1002827623,38e27bac75bd4cc5a19011ffc58fcaf2,2wytguWe93HE4ptYjoZ39DbEcK8,123456
1002828141,5e5bb0d80fc24782ad6b92af7024d351,2wythExhjXo0ROiiiJuf8q2NLDK,123456
1002829504,597db6e9257944399c55d59e50c1db32,2wythjZ5zhGR2KlrkwAARKgSyS1,123456
1002830179,af191935d05f4e5ab735e856a10d8ff3,2wytiQqhc87maQDsMUCf48cxlrl,123456
1002831923,bd81fc2a3fa84163bd92c6b5128c682b,2wytjf2K0wLIfCUnWrY9oNVPK8F,123456
1002832831,5109d05f2e7a4122bf7f2f692cc02feb,2wytkAXxNCP2tjp2hwH4MwWqji8,123456
1002833495,03c5a7766cc64ef2a3efef453a03e637,2wytkfBkr4lTsMtrTF1gXQmXWlR,123456
1002834252,3c990ecf9a4040a282d5488d322fb58a,2wytlAb9RqjXFAPtbFXR6s82teU,123456
1002835776,990e669f724149c3956f3d7b90b22d0f,2wytljSiZsTmULdYRajgwxeU3Fq,123456
1002836170,9327489033784b41aa725eb6623c81c8,2wytmBVBaOqsMsieAtbmJuCW4WC,123456
1002837277,c42970d3d2f54d5db2da0ba62e102b4c,2wytmxO3JXdbSm4Y5Ob5Ky10BlH,123456
1002838024,0169172f88ef4fbaaed2f831514257fe,2wytnFkE1TPE7EJzQ8kHml4Sv44,123456
1002839542,f39c3a4a0c0a4ac4ad8e573d7f627ad3,2wytntsLcGFgXco4z81w3SFAi2E,123456
1002840030,3a3a8fa571ef4b22bc4882de5853bed2,2wytoSE0Wr8JFCPNmWlQZ7VeMj0,123456
1002841646,fbab9d2071f9438384b48442b1907676,2wytoz6nvRMFKKwPzMKToWx4MN0,123456
1002842482,b7a48510d98f4194b41b2453f40cad61,2wytpt1n7zklHXm6rvH3SlWzKTf,123456
1002843999,1a7c1bccc12249f686cdec2182bf1170,2wytqgbt5JzwA57wYUmXXX3qbzn,123456
1002844114,02fc965d78cf4c1f9791c902c2e0b1a9,2wytrCIVUzGqvWf3wJoJiQXlvRK,123456
1002845317,5a86f4d062d749e0bca9a9a0f9ec45dd,2wyts6rv7BW5HynAh8UjxYNcy48,123456
1002846972,f76cf91a1b824d4082728c4adfa7db2c,2wytsdvqqfCjL3KgcYujI5ZQ6H1,123456
1002847337,aac5528cbc684d8d8fec11a4ea5545d7,2wytsrQOMm2EAJCyj3kRDRFHoWN,123456
1002848502,967fc6a523b444758a8b22eba82467f9,2wyttcI3LPLcCggGOD3VRdoSTmU,123456
1002849283,973085d10bca4d90b9f5589008eaf2d2,2wytu7F1ld5SnZskw1uNgFAwwuW,123456
1002850520,8f2b13833abc455780b6a3c295aad675,2wytujHhGh5lih4LCEVvgBjyMVG,123456
1002851636,a065fe679920434da3c3d8ad76867c88,2wytv61nMmPPvPh8GBqkd7zKxdM,123456
1002852633,66f19fa50f3a4e5fa4c0405f8c7b915e,2wytvkNOyVyyhhq2S5gg7hNVs6M,123456
1002853150,39a5794d24984c8285d705a485502cf4,2wytw4e6c30RIqsG7Ni5DGTBCMI,123456
1002854793,27ee266fc2644d25bf65a902af744852,2wytwYbz4jkJ6j9qtZOSnc6vSgR,123456
1002855356,4a6d5a042aea4eb886445450681c6229,2wytx1DckatAajlNWJSntV8ai1N,123456
1002856078,c5067ff602d94df3871a98cf8a777c52,2wytxTDh1sKPWKEquMbygxPbctX,123456
1002857480,ee5180ed6acf4561b0cd9444176b7cd4,2wyty3DDli1jrivKb2bWZSxjpl7,123456
1002858838,750644996b6e4fc9bc1d52ba8f4a1717,2wytyRwlMn8PaHhNNoCoDpW59ZS,123456
1002859459,abd4114b3fa24da79170c347a5a4686a,2wytypnxnub2ppKhz2yVw0mZJTL,123456
1002860388,f0b758e5aba84336bb0f7472138d8e9d,2wytzOXfhFxUWwMpLHFO2y8CHIS,123456
1002861979,2e2b18fddc8a4340ac14325dad654f16,2wytzihEJAJReYIZAgAP4X7Dk9M,123456
1002862148,8abd6f562730401eb419774e3ced44fe,2wyu06P4WMmWYyxaj3iR5VMil9n,123456
1002863771,0cc3b2bd77f642be999311c941b68d4d,2wyu1HVBHlnyoEC8qt2edFELMMZ,123456
1002864873,3d1b59aa89824bee8f09d9db848bf93d,2wyu1gVJRuGbcIZnxaGDxQaPIgG,123456
1002865844,70a1f1a24a784783ac308fb50a2b4e9f,2wyu290EY2IF9WtzoqwcJeU9Vv7,123456
1002866490,177520992653416b9105af452c78ae0c,2wyu2py4RWwPBQqcRNCXSaRB6SJ,123456
1002867929,9dca59eaf133402baa04d95556645d86,2wyu3V6zoKZIHRcsyPocwI4dFDw,123456
1002868787,63ffd90faa634db78dd4687476c5f2db,2wyu40xsS1Y9ai0rPrD6Sgweo4Q,123456
1002869129,c1cd5c31c71049ddae4b09c85c03471b,2wyu4OtuBSaTnsThIsWjvAwgyan,123456
1002870675,91611eb382dd43afa253d254ad92f406,2wyu4vJHSLYe4BvpBLf0QNvESRN,123456
1002871484,ec7df949ab4e4a2aabe7aee385a1fd15,2wyu5NOlqqeLUneOWPDr9bnvU0w,123456
1002872210,211d7fac572140b1971d281575f36b21,2wyu6HEubX0PWmdiyNw6j2ZCwm1,123456
1002873468,360b6696ffbd48d9889827bcb30aa145,2wyu74J1ftfPGOVgLQJX9GpWuGv,123456
1002874771,9607b651785c4110b419f13f5fcf8801,2wyu7Oq1D2oI7gHVNRaX0iiqIDl,123456
1002875589,8492c8dce2ff4bbd964d67daec44785c,2wyu7zXfHTBVlFxGVgy4B7E4OUI,123456
1002876300,a28d4fd38dfe4e169c887dc087090a0a,2wyu8q4iP0imQ7PUzOdKsWax9At,123456
1002877802,6d3101af541d4e5eb4f72bae0b4a9c9f,2wyu9JpgGoi5SPXJDLXQzcTpp2y,123456
1002878979,b7c09e729d954925ae421ebb3e67e46c,2wyu9gTqgZOLxulOFwAj3jPNM29,123456
1002879301,6d0fb65d9a554e5d8ef2c0c0089985e3,2wyuALkJ2EcVXRcddoOH9iXhms4,123456
1002880977,31f6d61139b44bb1a12a01fa1f8abb45,2wyuAk96MslQ4sLLywMdGwvUz7T,123456
1002881589,33ba6345ff624c4982a37936bed3ce06,2wyuBOFsOTLOV5v9QFxL2iuY9qU,123456
1002882440,c60fbcebd9d44db581dd8ca2e60f7ceb,2wyuBu80wufT9KbnS4rfeJI8do1,123456
1002883508,f407a694d3a24cfba3599281efa7300b,2wyuCyuHwwmnc2ilwGEy0wuVFXD,123456
1002884627,dad4bbb2d4304eb38dcd313e83f26e32,2wyuE5Ff2UGm8n4K46QXOqkiOkP,123456
1002886719,629b22a6d96c46739afbffc9b338480a,2wyuGJh11ZayndMc9TVCclsVVI9,123456
1002887372,f49287f2cb8a4315b4a6d90344f36060,2wyuHOjOrItgmtXcSWobNHKECch,123456
1002888728,3de73741aa884b1e9708e4c82cf4d52c,2wyuILE9n9PqbS3a3h6ZuTEmo8A,123456
1002889362,6c37cf6a54824c2583b1969abe95b5d2,2wyuJZuHu3Dq3yToecHLtJ4YljD,123456
1002890761,66556427d7ef4ba2858ae5df1cdd0023,2wyuKqgDqUlm1ZANdQbV4ucpi5q,123456
1002891624,9ea2271cd2d346c4887835e07a5483ad,2wyuLK78tKNaerbphNG2ebfpYn1,123456
1002892063,6dbf3d4902304c76881ada8fc8dc947e,2wyuMQekjWwGMjWZuHWewD0C4Yk,123456
1002893670,fba5a16a22024d939a1ad37c97bce444,2wyuMZ2jNnbAxMtDU7h0Zvh4WB2,123456
1002894438,dbb7981785e9453abffcf445f2df9ec6,2wyuNrXFvC33GniaHgFxoBmZNPR,123456
1002895456,9864d21cbfa341d3a077d5b2036b469f,2wyuP4uB1PiUzwqMwoXQ3wAwx7g,123456
1002896643,981c39cf91b949f689096338ba971bd6,2wyuPSZKQoEHwE0urc1xNGdgzlP,123456
1002897366,ca7a1a2127aa4a24a69f7c172b8da93b,2wyuQ3qCdQBfZbkL8yMPWOxyeRb,123456
1002898105,2088ec5313f3483b9d1e86baddc8d6a6,2wyuQN6XQNaDRjSmpK0q0qfiCXf,123456
1002899374,2e54a307c7a84fbc84a5d576c76a07da,2wyuR5om5klNQOj77d0ZAn0Pnff,123456
1002900806,a2eb46b1b2c44a24b8fd4c532e5aa231,2wyuRfXKwuGu5D5G30NDEjzc0mI,123456
1002901157,cb09cb91848d4993852cafa7385061a8,2wyuS3X5hNF3K6evm0ArG8UmVfe,123456
1002902528,9eaf1ea34cfe458cb753af736c0abe34,2wyuSTURxrFMxfQVW42hNuM8SPP,123456
1002903358,f952791de7b548438688b9a46ce303ba,2wyuSugBpGO93ZD7lezdipLpKCO,123456
1002904915,c3a438ae847640d9b038a9205b53cec3,2wyuTIb5PLFKnmIqhJq1xZYEFYs,123456
1002905221,e71f5bc31f3248c6b8caca819e4c2721,2wyuUDR4DzquKFxcAdq9WwIyv01,123456
1002906420,41273f6f725f4b009b0a256bb8dbac61,2wyuVBfgqZxyjc7tWEKpaTZCY1c,123456
1002907953,5ddb8cbd89e745e2a0681cbbbf674cfc,2wyuViJMLyCJKpDsCVNwEMsmWUl,123456
1002908477,0dde19ed76fb41a0a139f6b02030e895,2wyuVzShcnTyrpype0IYKV9mRhE,123456
1002909197,7cc5c3042d85472f808a722ed8475993,2wyuWd6VR6oc3FMsn7ZAsckzPBK,123456
1002910569,1a615a9c82f3457aa5c8bc36d4c8a143,2wyuXBlU2l0e3CHgJBZcYnjNaHZ,123456
1002911560,ffc132b72422490db56ea199dcb4c610,2wyuXaEGHUs2xENvHEPIuoFxfAR,123456
1002912461,d6c911fb53394b85bd355fbcb2871686,2wyuY5SHRLmENZ232DuNEw4zajA,123456
